{"temp": [18.899999618530273, 18.600000381469727, 19.899999618530273, 18.700000762939453, 18.799999237060547], "moist": [85.5999984741211, 87.19999694824219, 90.5, 89.19999694824219, 87.5], "PM25": [17, 17, 16, 15, 17], "PM10": [21, 22, 20, 19, 21]}